<environmentvariabledefinition schemaname="new_shared_sharepointonline_3653d9b08af843858b82319efaee9697">
  <apiid>/providers/microsoft.powerapps/apis/shared_sharepointonline</apiid>
  <description default="Einzelposten">
    <label description="Einzelposten" languagecode="1031" />
  </description>
  <displayname default="Einzelposten">
    <label description="Einzelposten" languagecode="1031" />
  </displayname>
  <introducedversion>1.0.0.0</introducedversion>
  <iscustomizable>1</iscustomizable>
  <isrequired>0</isrequired>
  <parameterkey>table</parameterkey>
  <parentdefinitionid>
    <schemaname>new_shared_sharepointonline_3d4e8a65333543089b7c170c78e7767b</schemaname>
  </parentdefinitionid>
  <secretstore>0</secretstore>
  <type>100000004</type>
</environmentvariabledefinition>