<environmentvariabledefinition schemaname="new_shared_sharepointonline_2075d1fa3181486ea42c653659459603">
  <apiid>/providers/microsoft.powerapps/apis/shared_sharepointonline</apiid>
  <displayname default="Approval-Rollen">
    <label description="Approval-Rollen" languagecode="1031" />
  </displayname>
  <introducedversion>1.0.0.0</introducedversion>
  <iscustomizable>1</iscustomizable>
  <isrequired>0</isrequired>
  <parameterkey>table</parameterkey>
  <parentdefinitionid>
    <schemaname>new_shared_sharepointonline_3d4e8a65333543089b7c170c78e7767b</schemaname>
  </parentdefinitionid>
  <secretstore>0</secretstore>
  <type>100000004</type>
</environmentvariabledefinition>