{
  "properties": {
    "connectionReferences": {
      "shared_sharepointonline_1": {
        "runtimeSource": "embedded",
        "connection": {
          "connectionReferenceLogicalName": "new_sharedsharepointonline_e2336"
        },
        "api": {
          "name": "shared_sharepointonline"
        }
      },
      "shared_approvals_1": {
        "runtimeSource": "embedded",
        "connection": {
          "connectionReferenceLogicalName": "new_sharedapprovals_41171"
        },
        "api": {
          "name": "shared_approvals"
        }
      },
      "shared_office365_1": {
        "runtimeSource": "embedded",
        "connection": {
          "connectionReferenceLogicalName": "new_sharedoffice365_76b66"
        },
        "api": {
          "name": "shared_office365"
        }
      }
    },
    "definition": {
      "$schema": "https://schema.management.azure.com/providers/Microsoft.Logic/schemas/2016-06-01/workflowdefinition.json#",
      "contentVersion": "1.0.0.0",
      "parameters": {
        "$connections": {
          "defaultValue": {},
          "type": "Object"
        },
        "$authentication": {
          "defaultValue": {},
          "type": "SecureObject"
        },
        "Approval-Rollen (new_shared_sharepointonline_2075d1fa3181486ea42c653659459603)": {
          "defaultValue": "fd21de79-fb6e-4843-a63d-36fabceb826b",
          "type": "String",
          "metadata": {
            "schemaName": "new_shared_sharepointonline_2075d1fa3181486ea42c653659459603"
          }
        },
        "Spesenanträge (new_shared_sharepointonline_41b3c76fd4a04eb39314942a9cb069b4)": {
          "defaultValue": "61ea3eac-4315-45b5-8ce8-3f8dad84baaa",
          "type": "String",
          "metadata": {
            "schemaName": "new_shared_sharepointonline_41b3c76fd4a04eb39314942a9cb069b4"
          }
        },
        "Spesen - SP-Seite (new_shared_sharepointonline_3d4e8a65333543089b7c170c78e7767b)": {
          "defaultValue": "https://bdsuev.sharepoint.com/sites/Spesen-App",
          "type": "String",
          "metadata": {
            "schemaName": "new_shared_sharepointonline_3d4e8a65333543089b7c170c78e7767b"
          }
        }
      },
      "triggers": {
        "Bei_Eingang_einer_neuen_E-Mail_(V3)": {
          "splitOn": "@triggerOutputs()?['body/value']",
          "metadata": {
            "operationMetadataId": "0d60bf7f-e2e7-422c-beb7-12d118419f5b"
          },
          "type": "OpenApiConnectionNotification",
          "inputs": {
            "host": {
              "connectionName": "shared_office365_1",
              "operationId": "OnNewEmailV3",
              "apiId": "/providers/Microsoft.PowerApps/apis/shared_office365"
            },
            "parameters": {
              "folderPath": "Inbox",
              "includeAttachments": false,
              "subjectFilter": "Spesenantrag eingereicht (",
              "importance": "Any",
              "fetchOnlyWithAttachment": false
            },
            "authentication": "@parameters('$authentication')"
          }
        }
      },
      "actions": {
        "Element_abrufen": {
          "runAfter": {
            "Variable_initialisieren_3": [
              "Succeeded"
            ]
          },
          "metadata": {
            "operationMetadataId": "805de3c7-8a52-4d85-9651-2cbfbdbbd88c"
          },
          "type": "OpenApiConnection",
          "inputs": {
            "host": {
              "connectionName": "shared_sharepointonline_1",
              "operationId": "GetItem",
              "apiId": "/providers/Microsoft.PowerApps/apis/shared_sharepointonline"
            },
            "parameters": {
              "dataset": "@parameters('Spesen - SP-Seite (new_shared_sharepointonline_3d4e8a65333543089b7c170c78e7767b)')",
              "table": "@parameters('Spesenanträge (new_shared_sharepointonline_41b3c76fd4a04eb39314942a9cb069b4)')",
              "id": "@variables('Spesen-ID')"
            },
            "authentication": "@parameters('$authentication')"
          }
        },
        "Kostenstelle_Rolle_abrufen": {
          "runAfter": {
            "Auf_alle_anwenden": [
              "Succeeded"
            ]
          },
          "metadata": {
            "operationMetadataId": "38ada64e-7ce0-40b3-955d-5735bd976163"
          },
          "type": "OpenApiConnection",
          "inputs": {
            "host": {
              "connectionName": "shared_sharepointonline_1",
              "operationId": "GetItems",
              "apiId": "/providers/Microsoft.PowerApps/apis/shared_sharepointonline"
            },
            "parameters": {
              "dataset": "@parameters('Spesen - SP-Seite (new_shared_sharepointonline_3d4e8a65333543089b7c170c78e7767b)')",
              "table": "@parameters('Approval-Rollen (new_shared_sharepointonline_2075d1fa3181486ea42c653659459603)')",
              "$filter": "Kostenstelle eq'@{outputs('Element_abrufen')?['body/Kostenstelle/Value']}'"
            },
            "authentication": "@parameters('$authentication')"
          }
        },
        "Anlagen_abrufen": {
          "runAfter": {
            "Element_abrufen": [
              "Succeeded"
            ]
          },
          "metadata": {
            "operationMetadataId": "024870ce-efa4-4f24-9248-6e6259f3b4e4"
          },
          "type": "OpenApiConnection",
          "inputs": {
            "host": {
              "connectionName": "shared_sharepointonline_1",
              "operationId": "GetItemAttachments",
              "apiId": "/providers/Microsoft.PowerApps/apis/shared_sharepointonline"
            },
            "parameters": {
              "dataset": "@parameters('Spesen - SP-Seite (new_shared_sharepointonline_3d4e8a65333543089b7c170c78e7767b)')",
              "table": "@parameters('Spesenanträge (new_shared_sharepointonline_41b3c76fd4a04eb39314942a9cb069b4)')",
              "itemId": "@outputs('Element_abrufen')?['body/ID']"
            },
            "authentication": "@parameters('$authentication')"
          }
        },
        "Option": {
          "runAfter": {
            "Auf_alle_anwenden_4": [
              "Succeeded"
            ]
          },
          "cases": {
            "Kostenstelle_Genehmigung": {
              "case": "Genehmigen",
              "actions": {
                "Element_aktualisieren": {
                  "runAfter": {},
                  "type": "OpenApiConnection",
                  "inputs": {
                    "host": {
                      "connectionName": "shared_sharepointonline_1",
                      "operationId": "PatchItem",
                      "apiId": "/providers/Microsoft.PowerApps/apis/shared_sharepointonline"
                    },
                    "parameters": {
                      "dataset": "@parameters('Spesen - SP-Seite (new_shared_sharepointonline_3d4e8a65333543089b7c170c78e7767b)')",
                      "table": "@parameters('Spesenanträge (new_shared_sharepointonline_41b3c76fd4a04eb39314942a9cb069b4)')",
                      "id": "@outputs('Element_abrufen')?['body/ID']",
                      "item/Title": "@outputs('Element_abrufen')?['body/Title']",
                      "item/Status/Value": "Abgesendet",
                      "item/Kommentar": "@variables('ApprovalComment')"
                    },
                    "authentication": "@parameters('$authentication')"
                  }
                },
                "Starten_und_auf_Genehmigung_warten": {
                  "runAfter": {
                    "Element_aktualisieren": [
                      "Succeeded"
                    ]
                  },
                  "type": "OpenApiConnectionWebhook",
                  "inputs": {
                    "host": {
                      "connectionName": "shared_approvals_1",
                      "operationId": "StartAndWaitForAnApproval",
                      "apiId": "/providers/Microsoft.PowerApps/apis/shared_approvals"
                    },
                    "parameters": {
                      "approvalType": "CustomResponse",
                      "WebhookApprovalCreationInput/responseOptions": [
                        "Genehmigen",
                        "Ablehnen",
                        "Nachbessern"
                      ],
                      "WebhookApprovalCreationInput/title": "Spesenantrag @{outputs('Element_abrufen')?['body/ID']} F&R Genehmigung",
                      "WebhookApprovalCreationInput/assignedTo": "@{variables('Vorstand_FR')};",
                      "WebhookApprovalCreationInput/details": "@{outputs('Element_abrufen')?['body/Author/DisplayName']} hat einen Spesenantrag für @{outputs('Element_abrufen')?['body/Kostenstelle/Value']} über @{outputs('Element_abrufen')?['body/Gesamtbetrag']}€ eingereicht.\nDer Antrag wurde von @{variables('Approver_Mail')} freigegeben.",
                      "WebhookApprovalCreationInput/requestor": "@{outputs('Element_abrufen')?['body/Author/Email']};",
                      "WebhookApprovalCreationInput/enableNotifications": true,
                      "WebhookApprovalCreationInput/enableReassignment": true,
                      "WebhookApprovalCreationInput/attachments": "@variables('Attachment')"
                    },
                    "authentication": "@parameters('$authentication')"
                  }
                },
                "Option_2": {
                  "runAfter": {
                    "Auf_alle_anwenden_2": [
                      "Succeeded"
                    ]
                  },
                  "cases": {
                    "F&R-Genehmigung": {
                      "case": "Genehmigen",
                      "actions": {
                        "E-Mail_senden_(V2)": {
                          "runAfter": {},
                          "type": "OpenApiConnection",
                          "inputs": {
                            "host": {
                              "connectionName": "shared_office365_1",
                              "operationId": "SendEmailV2",
                              "apiId": "/providers/Microsoft.PowerApps/apis/shared_office365"
                            },
                            "parameters": {
                              "emailMessage/To": "@outputs('Element_abrufen')?['body/Author/Email']",
                              "emailMessage/Subject": "Spesenantrag genehmigt",
                              "emailMessage/Body": "<p>Dein Spesenantrag (ID: @{variables('Spesen-ID')}) wurde genehmigt.<br>\n<br>\n@{variables('ApprovalComment')};<br>\n@{variables('FRComment')}</p>"
                            },
                            "authentication": "@parameters('$authentication')"
                          }
                        },
                        "Spesenantrag_Status_ändern": {
                          "runAfter": {
                            "E-Mail_senden_(V2)": [
                              "Succeeded"
                            ]
                          },
                          "type": "OpenApiConnection",
                          "inputs": {
                            "host": {
                              "connectionName": "shared_sharepointonline_1",
                              "operationId": "PatchItem",
                              "apiId": "/providers/Microsoft.PowerApps/apis/shared_sharepointonline"
                            },
                            "parameters": {
                              "dataset": "@parameters('Spesen - SP-Seite (new_shared_sharepointonline_3d4e8a65333543089b7c170c78e7767b)')",
                              "table": "@parameters('Spesenanträge (new_shared_sharepointonline_41b3c76fd4a04eb39314942a9cb069b4)')",
                              "id": "@outputs('Element_abrufen')?['body/ID']",
                              "item/Title": "@outputs('Element_abrufen')?['body/Title']",
                              "item/Status/Value": "Genehmigt",
                              "item/Kommentar": "@{variables('ApprovalComment')};\n@{variables('FRComment')}"
                            },
                            "authentication": "@parameters('$authentication')"
                          }
                        }
                      }
                    },
                    "F&R-Ablehnung": {
                      "case": "Ablehnen",
                      "actions": {
                        "E-Mail_senden_(V2)_4": {
                          "runAfter": {},
                          "type": "OpenApiConnection",
                          "inputs": {
                            "host": {
                              "connectionName": "shared_office365_1",
                              "operationId": "SendEmailV2",
                              "apiId": "/providers/Microsoft.PowerApps/apis/shared_office365"
                            },
                            "parameters": {
                              "emailMessage/To": "@outputs('Element_abrufen')?['body/Author/Email']",
                              "emailMessage/Subject": "Spesenantrag abgelehnt",
                              "emailMessage/Body": "<p>Dein Spesenantrag (ID: @{variables('Spesen-ID')}) wurde abgelehnt.<br>\n<br>\n@{variables('FRComment')}</p>",
                              "emailMessage/Cc": "@variables('Approver_Mail')"
                            },
                            "authentication": "@parameters('$authentication')"
                          }
                        },
                        "Spesenantrag_Status_ändern_-_Ablehnung": {
                          "runAfter": {
                            "E-Mail_senden_(V2)_4": [
                              "Succeeded"
                            ]
                          },
                          "type": "OpenApiConnection",
                          "inputs": {
                            "host": {
                              "connectionName": "shared_sharepointonline_1",
                              "operationId": "PatchItem",
                              "apiId": "/providers/Microsoft.PowerApps/apis/shared_sharepointonline"
                            },
                            "parameters": {
                              "dataset": "@parameters('Spesen - SP-Seite (new_shared_sharepointonline_3d4e8a65333543089b7c170c78e7767b)')",
                              "table": "@parameters('Spesenanträge (new_shared_sharepointonline_41b3c76fd4a04eb39314942a9cb069b4)')",
                              "id": "@outputs('Element_abrufen')?['body/ID']",
                              "item/Title": "@outputs('Element_abrufen')?['body/Title']",
                              "item/Status/Value": "Abgelehnt",
                              "item/Kommentar": "@{variables('ApprovalComment')};\n@{variables('FRComment')}"
                            },
                            "authentication": "@parameters('$authentication')"
                          }
                        }
                      }
                    },
                    "F&R-Nachbessern": {
                      "case": "Nachbessern",
                      "actions": {
                        "E-Mail_senden_(V2)_5": {
                          "runAfter": {
                            "Spesenantrag_Status_ändern_-_Nachbessern": [
                              "Succeeded"
                            ]
                          },
                          "type": "OpenApiConnection",
                          "inputs": {
                            "host": {
                              "connectionName": "shared_office365_1",
                              "operationId": "SendEmailV2",
                              "apiId": "/providers/Microsoft.PowerApps/apis/shared_office365"
                            },
                            "parameters": {
                              "emailMessage/To": "@outputs('Element_abrufen')?['body/Author/Email']",
                              "emailMessage/Subject": "Spesenantrag zum Nachbessern abgelehnt",
                              "emailMessage/Body": "<p>Dein Spesenantrag (ID: @{variables('Spesen-ID')}) erfüllt nicht alle Anforderungen. Bitte korrigiere ihn, und reiche ihn dann erneut ein.<br>\n<br>\n@{variables('FRComment')}</p>",
                              "emailMessage/Cc": "@variables('Approver_Mail')"
                            },
                            "authentication": "@parameters('$authentication')"
                          }
                        },
                        "Spesenantrag_Status_ändern_-_Nachbessern": {
                          "runAfter": {},
                          "type": "OpenApiConnection",
                          "inputs": {
                            "host": {
                              "connectionName": "shared_sharepointonline_1",
                              "operationId": "PatchItem",
                              "apiId": "/providers/Microsoft.PowerApps/apis/shared_sharepointonline"
                            },
                            "parameters": {
                              "dataset": "@parameters('Spesen - SP-Seite (new_shared_sharepointonline_3d4e8a65333543089b7c170c78e7767b)')",
                              "table": "@parameters('Spesenanträge (new_shared_sharepointonline_41b3c76fd4a04eb39314942a9cb069b4)')",
                              "id": "@outputs('Element_abrufen')?['body/ID']",
                              "item/Title": "@outputs('Element_abrufen')?['body/Title']",
                              "item/Status/Value": "Offen",
                              "item/Kommentar": "@{variables('ApprovalComment')};\n@{variables('FRComment')}"
                            },
                            "authentication": "@parameters('$authentication')"
                          }
                        }
                      }
                    }
                  },
                  "default": {
                    "actions": {}
                  },
                  "expression": "@outputs('Starten_und_auf_Genehmigung_warten')?['body/outcome']",
                  "type": "Switch"
                },
                "Auf_alle_anwenden_2": {
                  "foreach": "@outputs('Starten_und_auf_Genehmigung_warten')?['body/responses']",
                  "actions": {
                    "An_Zeichenfolgenvariable_anfügen_2": {
                      "runAfter": {},
                      "type": "AppendToStringVariable",
                      "inputs": {
                        "name": "FRComment",
                        "value": "@{items('Auf_alle_anwenden_2')?['comments']} - @{items('Auf_alle_anwenden_2')?['responder/displayName']}"
                      }
                    }
                  },
                  "runAfter": {
                    "Starten_und_auf_Genehmigung_warten": [
                      "Succeeded"
                    ]
                  },
                  "type": "Foreach"
                }
              }
            },
            "Kostenstelle_Ablehnung": {
              "case": "Ablehnen",
              "actions": {
                "E-Mail_senden_(V2)_2": {
                  "runAfter": {},
                  "type": "OpenApiConnection",
                  "inputs": {
                    "host": {
                      "connectionName": "shared_office365_1",
                      "operationId": "SendEmailV2",
                      "apiId": "/providers/Microsoft.PowerApps/apis/shared_office365"
                    },
                    "parameters": {
                      "emailMessage/To": "@outputs('Element_abrufen')?['body/Author/Email']",
                      "emailMessage/Subject": "Spesenantrag abgelehnt",
                      "emailMessage/Body": "<p>Dein Spesenantrag (ID: @{variables('Spesen-ID')}) wurde von @{variables('Approver_Mail')} abgelehnt.<br>\n<br>\n@{variables('ApprovalComment')}</p>"
                    },
                    "authentication": "@parameters('$authentication')"
                  }
                },
                "Element_aktualisieren_4": {
                  "runAfter": {
                    "E-Mail_senden_(V2)_2": [
                      "Succeeded"
                    ]
                  },
                  "type": "OpenApiConnection",
                  "inputs": {
                    "host": {
                      "connectionName": "shared_sharepointonline_1",
                      "operationId": "PatchItem",
                      "apiId": "/providers/Microsoft.PowerApps/apis/shared_sharepointonline"
                    },
                    "parameters": {
                      "dataset": "@parameters('Spesen - SP-Seite (new_shared_sharepointonline_3d4e8a65333543089b7c170c78e7767b)')",
                      "table": "@parameters('Spesenanträge (new_shared_sharepointonline_41b3c76fd4a04eb39314942a9cb069b4)')",
                      "id": "@outputs('Element_abrufen')?['body/ID']",
                      "item/Title": "@outputs('Element_abrufen')?['body/Title']",
                      "item/Status/Value": "Abgelehnt",
                      "item/Kommentar": "@variables('ApprovalComment')"
                    },
                    "authentication": "@parameters('$authentication')"
                  }
                }
              }
            },
            "Kostenstelle_Nachbessern": {
              "case": "Nachbessern",
              "actions": {
                "E-Mail_senden_(V2)_3": {
                  "runAfter": {},
                  "type": "OpenApiConnection",
                  "inputs": {
                    "host": {
                      "connectionName": "shared_office365_1",
                      "operationId": "SendEmailV2",
                      "apiId": "/providers/Microsoft.PowerApps/apis/shared_office365"
                    },
                    "parameters": {
                      "emailMessage/To": "@outputs('Element_abrufen')?['body/Author/Email']",
                      "emailMessage/Subject": "Spesenantrag zum Nachbessern abgelehnt",
                      "emailMessage/Body": "<p>Dein Spesenantrag (ID: @{variables('Spesen-ID')}) erfüllt nicht alle Anforderungen. Bitte korrigiere ihn, und reiche ihn dann erneut ein.<br>\n<br>\n@{variables('ApprovalComment')}<br>\n</p>"
                    },
                    "authentication": "@parameters('$authentication')"
                  }
                },
                "Element_aktualisieren_2": {
                  "runAfter": {
                    "E-Mail_senden_(V2)_3": [
                      "Succeeded"
                    ]
                  },
                  "type": "OpenApiConnection",
                  "inputs": {
                    "host": {
                      "connectionName": "shared_sharepointonline_1",
                      "operationId": "PatchItem",
                      "apiId": "/providers/Microsoft.PowerApps/apis/shared_sharepointonline"
                    },
                    "parameters": {
                      "dataset": "@parameters('Spesen - SP-Seite (new_shared_sharepointonline_3d4e8a65333543089b7c170c78e7767b)')",
                      "table": "@parameters('Spesenanträge (new_shared_sharepointonline_41b3c76fd4a04eb39314942a9cb069b4)')",
                      "id": "@outputs('Element_abrufen')?['body/ID']",
                      "item/Title": "@outputs('Element_abrufen')?['body/Title']",
                      "item/Status/Value": "Offen",
                      "item/Kommentar": "@variables('ApprovalComment')"
                    },
                    "authentication": "@parameters('$authentication')"
                  }
                }
              }
            }
          },
          "default": {
            "actions": {}
          },
          "expression": "@outputs('Starten_und_auf_Genehmigung_warten_2')?['body/outcome']",
          "metadata": {
            "operationMetadataId": "2e3d80a3-a1c6-4b9f-885e-41a9d90f5c54"
          },
          "type": "Switch"
        },
        "Auf_alle_anwenden": {
          "foreach": "@outputs('Anlagen_abrufen')?['body']",
          "actions": {
            "Anlageninhalt_abrufen": {
              "runAfter": {},
              "metadata": {
                "operationMetadataId": "8de483fb-bffa-4bea-a2ae-1acf1e5c17a1"
              },
              "type": "OpenApiConnection",
              "inputs": {
                "host": {
                  "connectionName": "shared_sharepointonline_1",
                  "operationId": "GetAttachmentContent",
                  "apiId": "/providers/Microsoft.PowerApps/apis/shared_sharepointonline"
                },
                "parameters": {
                  "dataset": "@parameters('Spesen - SP-Seite (new_shared_sharepointonline_3d4e8a65333543089b7c170c78e7767b)')",
                  "table": "@parameters('Spesenanträge (new_shared_sharepointonline_41b3c76fd4a04eb39314942a9cb069b4)')",
                  "itemId": "@outputs('Element_abrufen')?['body/ID']",
                  "attachmentId": "@items('Auf_alle_anwenden')?['Id']"
                },
                "authentication": "@parameters('$authentication')"
              }
            },
            "An_Arrayvariable_anfügen_2": {
              "runAfter": {
                "Anlageninhalt_abrufen": [
                  "Succeeded"
                ]
              },
              "metadata": {
                "operationMetadataId": "c8af2cfe-9c3c-4e95-94cc-84a6f925d9e4"
              },
              "type": "AppendToArrayVariable",
              "inputs": {
                "name": "Attachment",
                "value": {
                  "name": "@items('Auf_alle_anwenden')?['DisplayName']",
                  "content": "@outputs('Anlageninhalt_abrufen')?['body']"
                }
              }
            }
          },
          "runAfter": {
            "Anlagen_abrufen": [
              "Succeeded"
            ]
          },
          "metadata": {
            "operationMetadataId": "cf91599e-bdd5-4148-943f-3c4ba8319e6f"
          },
          "type": "Foreach"
        },
        "Variable_initialisieren_2": {
          "runAfter": {
            "Variable_initialisieren": [
              "Succeeded"
            ]
          },
          "metadata": {
            "operationMetadataId": "733596ff-a7cc-4634-8891-4af32aad2169"
          },
          "type": "InitializeVariable",
          "inputs": {
            "variables": [
              {
                "name": "Approver_Mail",
                "type": "string"
              }
            ]
          }
        },
        "Kostenstelle_Rolle_initialisieren": {
          "foreach": "@outputs('Kostenstelle_Rolle_abrufen')?['body/value']",
          "actions": {
            "Variable_festlegen": {
              "runAfter": {},
              "metadata": {
                "operationMetadataId": "74a5435e-f216-4454-8d70-70e70920ea52"
              },
              "type": "SetVariable",
              "inputs": {
                "name": "Approver_Mail",
                "value": "@items('Kostenstelle_Rolle_initialisieren')?['Rolle/Email']"
              }
            }
          },
          "runAfter": {
            "Kostenstelle_Rolle_abrufen": [
              "Succeeded"
            ]
          },
          "metadata": {
            "operationMetadataId": "4a665756-b7ce-4ce7-bdf1-2bd3629a49c9"
          },
          "type": "Foreach"
        },
        "Starten_und_auf_Genehmigung_warten_2": {
          "runAfter": {
            "FR_Kommentar_initialisieren": [
              "Succeeded"
            ]
          },
          "metadata": {
            "operationMetadataId": "e3903bd8-98f5-41f1-93b5-1c8746174035"
          },
          "type": "OpenApiConnectionWebhook",
          "inputs": {
            "host": {
              "connectionName": "shared_approvals_1",
              "operationId": "StartAndWaitForAnApproval",
              "apiId": "/providers/Microsoft.PowerApps/apis/shared_approvals"
            },
            "parameters": {
              "approvalType": "CustomResponse",
              "WebhookApprovalCreationInput/responseOptions": [
                "Genehmigen",
                "Ablehnen",
                "Nachbessern"
              ],
              "WebhookApprovalCreationInput/title": "Spesenantrag @{outputs('Element_abrufen')?['body/ID']} Kostenstellen Genehmigung",
              "WebhookApprovalCreationInput/assignedTo": "@{variables('Approver_Mail')};",
              "WebhookApprovalCreationInput/details": "@{outputs('Element_abrufen')?['body/Author/DisplayName']} hat einen Spesenantrag für @{outputs('Element_abrufen')?['body/Kostenstelle/Value']} über @{outputs('Element_abrufen')?['body/Gesamtbetrag']}€ eingereicht.",
              "WebhookApprovalCreationInput/requestor": "@{outputs('Element_abrufen')?['body/Author/Email']};",
              "WebhookApprovalCreationInput/enableNotifications": true,
              "WebhookApprovalCreationInput/enableReassignment": true,
              "WebhookApprovalCreationInput/attachments": "@variables('Attachment')"
            },
            "authentication": "@parameters('$authentication')"
          }
        },
        "Variable_initialisieren_3": {
          "runAfter": {
            "Variable_initialisieren_2": [
              "Succeeded"
            ]
          },
          "metadata": {
            "operationMetadataId": "bbb76885-2eff-454c-83bf-fa121b51c91b"
          },
          "type": "InitializeVariable",
          "inputs": {
            "variables": [
              {
                "name": "Attachment",
                "type": "array",
                "value": []
              }
            ]
          }
        },
        "Auf_alle_anwenden_4": {
          "foreach": "@outputs('Starten_und_auf_Genehmigung_warten_2')?['body/responses']",
          "actions": {
            "An_Zeichenfolgenvariable_anfügen": {
              "runAfter": {},
              "metadata": {
                "operationMetadataId": "aeea8dbe-1350-4e30-8ae1-bc565117fd67"
              },
              "type": "AppendToStringVariable",
              "inputs": {
                "name": "ApprovalComment",
                "value": "@{items('Auf_alle_anwenden_4')?['comments']} - @{items('Auf_alle_anwenden_4')?['responder/displayName']}"
              }
            },
            "Variable_festlegen_2": {
              "runAfter": {
                "An_Zeichenfolgenvariable_anfügen": [
                  "Succeeded"
                ]
              },
              "metadata": {
                "operationMetadataId": "d376cfa8-a1e8-4850-ab79-b0aa4ee1e4d7"
              },
              "type": "SetVariable",
              "inputs": {
                "name": "Approver_Mail",
                "value": "@items('Auf_alle_anwenden_4')?['responder/email']"
              }
            }
          },
          "runAfter": {
            "Starten_und_auf_Genehmigung_warten_2": [
              "Succeeded"
            ]
          },
          "metadata": {
            "operationMetadataId": "91418d6e-f3d9-4957-a8bc-5c3f3dcd867f"
          },
          "type": "Foreach"
        },
        "Kostenstelle_Kommentar_initialisieren": {
          "runAfter": {
            "Bedingung": [
              "Succeeded"
            ]
          },
          "metadata": {
            "operationMetadataId": "03a8d4a5-7d50-4d29-bb02-d5bd57c5bee6"
          },
          "type": "InitializeVariable",
          "inputs": {
            "variables": [
              {
                "name": "ApprovalComment",
                "type": "string"
              }
            ]
          }
        },
        "FR_Kommentar_initialisieren": {
          "runAfter": {
            "Kostenstelle_Kommentar_initialisieren": [
              "Succeeded"
            ]
          },
          "metadata": {
            "operationMetadataId": "e7418c86-8b74-4bc7-9b0e-f4c378905148"
          },
          "type": "InitializeVariable",
          "inputs": {
            "variables": [
              {
                "name": "FRComment",
                "type": "string"
              }
            ]
          }
        },
        "Variable_initialisieren": {
          "runAfter": {
            "Variable_initialisieren_4": [
              "Succeeded"
            ]
          },
          "metadata": {
            "operationMetadataId": "f4b6bfdc-4018-4998-9acd-684f0e0da0b0"
          },
          "type": "InitializeVariable",
          "inputs": {
            "variables": [
              {
                "name": "Spesen-ID",
                "type": "string",
                "value": "@{substring(variables('Spesen-ID Länge'), 0, add(length(variables('Spesen-ID Länge')), -1))}"
              }
            ]
          }
        },
        "Variable_initialisieren_4": {
          "runAfter": {},
          "metadata": {
            "operationMetadataId": "378c5bc6-e3cb-49dc-b14f-c1641c57e3b7"
          },
          "type": "InitializeVariable",
          "inputs": {
            "variables": [
              {
                "name": "Spesen-ID Länge",
                "type": "string",
                "value": "@{substring(triggerOutputs()?['body/subject'], 30)}"
              }
            ]
          }
        },
        "Vorstand_FR_initialisieren": {
          "runAfter": {
            "Vorstand_FR_abrufen": [
              "Succeeded"
            ]
          },
          "metadata": {
            "operationMetadataId": "7886a2aa-09f1-484e-b455-98e64dbeeba5"
          },
          "type": "InitializeVariable",
          "inputs": {
            "variables": [
              {
                "name": "Vorstand_FR",
                "type": "string",
                "value": "@{outputs('Vorstand_FR_abrufen')?['body/value']?[0]?['Rolle/Email']}"
              }
            ]
          }
        },
        "Vorstand_FR_abrufen": {
          "runAfter": {
            "Kostenstelle_Rolle_initialisieren": [
              "Succeeded"
            ]
          },
          "metadata": {
            "operationMetadataId": "dfc35d14-0d26-46ca-bb74-807c8122c8a4"
          },
          "type": "OpenApiConnection",
          "inputs": {
            "host": {
              "connectionName": "shared_sharepointonline_1",
              "operationId": "GetItems",
              "apiId": "/providers/Microsoft.PowerApps/apis/shared_sharepointonline"
            },
            "parameters": {
              "dataset": "@parameters('Spesen - SP-Seite (new_shared_sharepointonline_3d4e8a65333543089b7c170c78e7767b)')",
              "table": "@parameters('Approval-Rollen (new_shared_sharepointonline_2075d1fa3181486ea42c653659459603)')",
              "$filter": "Kostenstelle eq'Vorstand F&R'"
            },
            "authentication": "@parameters('$authentication')"
          }
        },
        "Bedingung": {
          "actions": {
            "1V_abrufen": {
              "runAfter": {},
              "metadata": {
                "operationMetadataId": "9c5f4506-a459-4fc7-96f4-6d00697ff80b"
              },
              "type": "OpenApiConnection",
              "inputs": {
                "host": {
                  "connectionName": "shared_sharepointonline_1",
                  "operationId": "GetItems",
                  "apiId": "/providers/Microsoft.PowerApps/apis/shared_sharepointonline"
                },
                "parameters": {
                  "dataset": "@parameters('Spesen - SP-Seite (new_shared_sharepointonline_3d4e8a65333543089b7c170c78e7767b)')",
                  "table": "@parameters('Approval-Rollen (new_shared_sharepointonline_2075d1fa3181486ea42c653659459603)')",
                  "$filter": "Kostenstelle eq'1V'"
                },
                "authentication": "@parameters('$authentication')"
              }
            },
            "Vorstand_FR_zu_1V_ändern": {
              "runAfter": {
                "1V_abrufen": [
                  "Succeeded"
                ]
              },
              "metadata": {
                "operationMetadataId": "3f6a517f-ccae-4bcb-95ae-f4cfe0a3c3e2"
              },
              "type": "SetVariable",
              "inputs": {
                "name": "Vorstand_FR",
                "value": "@{outputs('1V_abrufen')?['body/value']?[0]?['Rolle/Email']}"
              }
            }
          },
          "runAfter": {
            "Vorstand_FR_initialisieren": [
              "Succeeded"
            ]
          },
          "expression": {
            "equals": [
              "@outputs('Element_abrufen')?['body/Author/Email']",
              "@variables('Vorstand_FR')"
            ]
          },
          "metadata": {
            "operationMetadataId": "e0ee8467-16f8-4b23-89e6-4fb0e3c98aa7"
          },
          "type": "If"
        }
      }
    }
  },
  "schemaVersion": "1.0.0.0"
}