{
  "properties": {
    "connectionReferences": {
      "shared_sharepointonline_1": {
        "runtimeSource": "invoker",
        "connection": {
          "connectionReferenceLogicalName": "new_sharedsharepointonline_e2336"
        },
        "api": {
          "name": "shared_sharepointonline"
        }
      },
      "shared_onedriveforbusiness_1": {
        "runtimeSource": "invoker",
        "connection": {
          "connectionReferenceLogicalName": "new_sharedonedriveforbusiness_8a367"
        },
        "api": {
          "name": "shared_onedriveforbusiness"
        }
      },
      "shared_office365_1": {
        "runtimeSource": "invoker",
        "connection": {
          "connectionReferenceLogicalName": "new_sharedoffice365_76b66"
        },
        "api": {
          "name": "shared_office365"
        }
      },
      "shared_encodiandocumentmanager": {
        "runtimeSource": "invoker",
        "connection": {
          "connectionReferenceLogicalName": "new_sharedencodiandocumentmanager_563a9"
        },
        "api": {
          "name": "shared_encodiandocumentmanager"
        }
      }
    },
    "definition": {
      "$schema": "https://schema.management.azure.com/providers/Microsoft.Logic/schemas/2016-06-01/workflowdefinition.json#",
      "contentVersion": "1.0.0.0",
      "parameters": {
        "$connections": {
          "defaultValue": {},
          "type": "Object"
        },
        "$authentication": {
          "defaultValue": {},
          "type": "SecureObject"
        },
        "Einzelposten": {
          "defaultValue": "6e274b94-5296-4602-b375-e95fbb219ec0",
          "type": "String",
          "metadata": {
            "schemaName": "new_shared_sharepointonline_3653d9b08af843858b82319efaee9697",
            "description": "Einzelposten"
          }
        },
        "Spesenanträge": {
          "defaultValue": "61ea3eac-4315-45b5-8ce8-3f8dad84baaa",
          "type": "String",
          "metadata": {
            "schemaName": "new_shared_sharepointonline_41b3c76fd4a04eb39314942a9cb069b4"
          }
        },
        "Verpflegungspauschale": {
          "defaultValue": "91691aa7-2b52-4ca0-b052-198ac5b0f82b",
          "type": "String",
          "metadata": {
            "schemaName": "new_shared_sharepointonline_c605c6aa58644d809e6fc0b9ab535cd4"
          }
        },
        "Fahrten": {
          "defaultValue": "a0bbbccb-ae6c-4780-86b2-63bbd129daad",
          "type": "String",
          "metadata": {
            "schemaName": "new_shared_sharepointonline_ae7252a961e94876898012c0499e815d"
          }
        },
        "Spesen - SP-Seite": {
          "defaultValue": "https://bdsuev.sharepoint.com/sites/Spesen-App",
          "type": "String",
          "metadata": {
            "schemaName": "new_shared_sharepointonline_3d4e8a65333543089b7c170c78e7767b"
          }
        },
        "Approval-Rollen (new_shared_sharepointonline_2075d1fa3181486ea42c653659459603)": {
          "defaultValue": "fd21de79-fb6e-4843-a63d-36fabceb826b",
          "type": "String",
          "metadata": {
            "schemaName": "new_shared_sharepointonline_2075d1fa3181486ea42c653659459603"
          }
        }
      },
      "triggers": {
        "manual": {
          "metadata": {
            "operationMetadataId": "967da0ce-3622-45ed-b83a-a65406f109c7"
          },
          "type": "Request",
          "kind": "PowerApp",
          "inputs": {
            "schema": {
              "type": "object",
              "properties": {
                "Variableinitialisieren3_Wert": {
                  "type": "integer",
                  "description": "Anfangswert eingeben",
                  "x-ms-powerflows-param-ispartial": false
                }
              },
              "required": [
                "Variableinitialisieren3_Wert"
              ]
            }
          }
        }
      },
      "actions": {
        "Get_Einzelposten": {
          "runAfter": {
            "Get_BDSU_Logo": [
              "Succeeded"
            ]
          },
          "metadata": {
            "operationMetadataId": "9cc04c75-c307-4e2f-9e3d-82022b074b1c"
          },
          "type": "OpenApiConnection",
          "inputs": {
            "host": {
              "connectionName": "shared_sharepointonline_1",
              "operationId": "GetItems",
              "apiId": "/providers/Microsoft.PowerApps/apis/shared_sharepointonline"
            },
            "parameters": {
              "dataset": "@parameters('Spesen - SP-Seite')",
              "table": "@parameters('Einzelposten')",
              "$filter": "Spesenantrag_ID eq'@{outputs('Get_Spesenantrag')?['body/ID']}'"
            },
            "authentication": {
              "type": "Raw",
              "value": "@json(decodeBase64(triggerOutputs().headers['X-MS-APIM-Tokens']))['$ConnectionKey']"
            }
          }
        },
        "Create_file": {
          "runAfter": {
            "HTML-Dokument_erstellen": [
              "Succeeded"
            ]
          },
          "metadata": {
            "operationMetadataId": "f25b6dcb-655e-4093-9854-f8ede666910f"
          },
          "type": "OpenApiConnection",
          "inputs": {
            "host": {
              "connectionName": "shared_onedriveforbusiness_1",
              "operationId": "CreateFile",
              "apiId": "/providers/Microsoft.PowerApps/apis/shared_onedriveforbusiness"
            },
            "parameters": {
              "folderPath": "/Spesen-App",
              "name": "Spesenantrag_header.html",
              "body": "@outputs('HTML-Dokument_erstellen')"
            },
            "authentication": {
              "type": "Raw",
              "value": "@json(decodeBase64(triggerOutputs().headers['X-MS-APIM-Tokens']))['$ConnectionKey']"
            }
          },
          "runtimeConfiguration": {
            "contentTransfer": {
              "transferMode": "Chunked"
            }
          }
        },
        "Convert_file": {
          "runAfter": {
            "Create_file": [
              "Succeeded"
            ]
          },
          "metadata": {
            "operationMetadataId": "0294f2c0-cd9f-48ee-ad45-e228e14b6489"
          },
          "type": "OpenApiConnection",
          "inputs": {
            "host": {
              "connectionName": "shared_onedriveforbusiness_1",
              "operationId": "ConvertFile",
              "apiId": "/providers/Microsoft.PowerApps/apis/shared_onedriveforbusiness"
            },
            "parameters": {
              "id": "@outputs('Create_file')?['body/Id']",
              "type": "PDF"
            },
            "authentication": {
              "type": "Raw",
              "value": "@json(decodeBase64(triggerOutputs().headers['X-MS-APIM-Tokens']))['$ConnectionKey']"
            }
          }
        },
        "Send_an_email_(V2)": {
          "runAfter": {
            "Anlage_hinzufügen": [
              "Succeeded"
            ]
          },
          "metadata": {
            "operationMetadataId": "af841d0a-187e-4ddb-bd61-72822a0797e7"
          },
          "type": "OpenApiConnection",
          "inputs": {
            "host": {
              "connectionName": "shared_office365_1",
              "operationId": "SendEmailV2",
              "apiId": "/providers/Microsoft.PowerApps/apis/shared_office365"
            },
            "parameters": {
              "emailMessage/To": "@outputs('Get_Spesenantrag')?['body/Author/Email']",
              "emailMessage/Subject": "Spesenantrag eingereicht (ID: @{variables('Spesenantrag_ID')})",
              "emailMessage/Body": "<p>Dein Spesenantrag wurde erfolgreich eingereicht (siehe PDF im Anhang).</p>",
              "emailMessage/Bcc": "@outputs('Flow-Account_abrufen')?['body/value']?[0]?['Rolle/Email']",
              "emailMessage/Attachments": [
                {
                  "Name": "Spesenantrag_@{variables('Spesenantrag_ID')}.pdf",
                  "ContentBytes": "@outputs('Dokumentarray_in_PDF_zusammenführen')?['body/FileContent']"
                }
              ],
              "emailMessage/Importance": "Normal"
            },
            "authentication": {
              "type": "Raw",
              "value": "@json(decodeBase64(triggerOutputs().headers['X-MS-APIM-Tokens']))['$ConnectionKey']"
            }
          }
        },
        "Create_HTML_table": {
          "runAfter": {
            "Verfassen_2": [
              "Succeeded"
            ]
          },
          "metadata": {
            "operationMetadataId": "5c34a2b3-fedb-4722-a8b9-16cc8450e25e"
          },
          "type": "Table",
          "inputs": {
            "from": "@outputs('Verfassen_2')",
            "format": "HTML"
          }
        },
        "Initialize_variable": {
          "runAfter": {
            "Verfassen_5": [
              "Succeeded"
            ]
          },
          "metadata": {
            "operationMetadataId": "07484273-2df5-4094-92de-6374c746e489"
          },
          "type": "InitializeVariable",
          "inputs": {
            "variables": [
              {
                "name": "vardata",
                "type": "array",
                "value": []
              }
            ]
          }
        },
        "Initialize_variable_2": {
          "runAfter": {
            "Initialize_variable": [
              "Succeeded"
            ]
          },
          "metadata": {
            "operationMetadataId": "ca3fa0ce-1212-4e72-999e-973e607fd6a2"
          },
          "type": "InitializeVariable",
          "inputs": {
            "variables": [
              {
                "name": "varCounter",
                "type": "integer",
                "value": 1
              }
            ]
          }
        },
        "Apply_to_each_2": {
          "foreach": "@outputs('Get_Einzelposten')?['body/value']",
          "actions": {
            "Get_attachments": {
              "runAfter": {},
              "metadata": {
                "operationMetadataId": "6830eb2e-8bb3-4234-952f-6a24b2e5e80f"
              },
              "type": "OpenApiConnection",
              "inputs": {
                "host": {
                  "connectionName": "shared_sharepointonline_1",
                  "operationId": "GetItemAttachments",
                  "apiId": "/providers/Microsoft.PowerApps/apis/shared_sharepointonline"
                },
                "parameters": {
                  "dataset": "@parameters('Spesen - SP-Seite')",
                  "table": "@parameters('Einzelposten')",
                  "itemId": "@items('Apply_to_each_2')?['ID']"
                },
                "authentication": {
                  "type": "Raw",
                  "value": "@json(decodeBase64(triggerOutputs().headers['X-MS-APIM-Tokens']))['$ConnectionKey']"
                }
              }
            },
            "Apply_to_each_3": {
              "foreach": "@outputs('Get_attachments')?['body']",
              "actions": {
                "Get_attachment_content_2": {
                  "runAfter": {},
                  "metadata": {
                    "operationMetadataId": "a19f8439-8ea3-4e17-beec-e9397f1f1509"
                  },
                  "type": "OpenApiConnection",
                  "inputs": {
                    "host": {
                      "connectionName": "shared_sharepointonline_1",
                      "operationId": "GetAttachmentContent",
                      "apiId": "/providers/Microsoft.PowerApps/apis/shared_sharepointonline"
                    },
                    "parameters": {
                      "dataset": "@parameters('Spesen - SP-Seite')",
                      "table": "@parameters('Einzelposten')",
                      "itemId": "@items('Apply_to_each_2')?['ID']",
                      "attachmentId": "@items('Apply_to_each_3')?['Id']"
                    },
                    "authentication": {
                      "type": "Raw",
                      "value": "@json(decodeBase64(triggerOutputs().headers['X-MS-APIM-Tokens']))['$ConnectionKey']"
                    }
                  }
                },
                "Condition": {
                  "actions": {
                    "Verfassen_3": {
                      "runAfter": {},
                      "metadata": {
                        "operationMetadataId": "ef8f3d25-5e95-4d9f-87d6-7274fc16a5c1"
                      },
                      "type": "Compose",
                      "inputs": "<style>\n.image{\n  max-height: 100%;\n  max-width: 100%;\n  object-fit: contain;\n  }\n\n.img_container{\n  height: 200px;\n  width: 500px;\n}\n</style>\n\n<p style=\"text-align: right;\">Beleg Nr.  @{items('Apply_to_each_2')?['Beleg_Nr']}</p>\n<div  class=\"img_container\">\n<img src=\"@{dataUri(outputs('Get_attachment_content_2')?['body'])}\" alt=\"Beleg\" class=\"image\" >\n</div>"
                    },
                    "Create_file_2": {
                      "runAfter": {
                        "Verfassen_3": [
                          "Succeeded"
                        ]
                      },
                      "metadata": {
                        "operationMetadataId": "b929964b-6468-4049-80d0-3e815155b286"
                      },
                      "type": "OpenApiConnection",
                      "inputs": {
                        "host": {
                          "connectionName": "shared_onedriveforbusiness_1",
                          "operationId": "CreateFile",
                          "apiId": "/providers/Microsoft.PowerApps/apis/shared_onedriveforbusiness"
                        },
                        "parameters": {
                          "folderPath": "/Spesen-App",
                          "name": "Spesenantrag_beleg.html",
                          "body": "@outputs('Verfassen_3')"
                        },
                        "authentication": {
                          "type": "Raw",
                          "value": "@json(decodeBase64(triggerOutputs().headers['X-MS-APIM-Tokens']))['$ConnectionKey']"
                        }
                      },
                      "runtimeConfiguration": {
                        "contentTransfer": {
                          "transferMode": "Chunked"
                        }
                      }
                    },
                    "Convert_file_2": {
                      "runAfter": {
                        "Create_file_2": [
                          "Succeeded"
                        ]
                      },
                      "metadata": {
                        "operationMetadataId": "7168c1f6-be19-48d1-8bf9-838e0276706a"
                      },
                      "type": "OpenApiConnection",
                      "inputs": {
                        "host": {
                          "connectionName": "shared_onedriveforbusiness_1",
                          "operationId": "ConvertFile",
                          "apiId": "/providers/Microsoft.PowerApps/apis/shared_onedriveforbusiness"
                        },
                        "parameters": {
                          "id": "@outputs('Create_file_2')?['body/Id']",
                          "type": "PDF"
                        },
                        "authentication": {
                          "type": "Raw",
                          "value": "@json(decodeBase64(triggerOutputs().headers['X-MS-APIM-Tokens']))['$ConnectionKey']"
                        }
                      }
                    },
                    "Append_to_array_variable_4": {
                      "runAfter": {
                        "Convert_file_2": [
                          "Succeeded"
                        ]
                      },
                      "metadata": {
                        "operationMetadataId": "7319cb8e-46ab-43c6-ad0d-1d6f08c7c191"
                      },
                      "type": "AppendToArrayVariable",
                      "inputs": {
                        "name": "pdf_array",
                        "value": {
                          "fileName": "beleg.pdf",
                          "fileContent": "@body('Convert_file_2')"
                        }
                      }
                    }
                  },
                  "runAfter": {
                    "Get_attachment_content_2": [
                      "Succeeded"
                    ]
                  },
                  "else": {
                    "actions": {
                      "Append_to_array_variable_2": {
                        "runAfter": {},
                        "metadata": {
                          "operationMetadataId": "c6247b49-5188-4144-a327-750d8f3d5f0e"
                        },
                        "type": "AppendToArrayVariable",
                        "inputs": {
                          "name": "pdf_array",
                          "value": {
                            "fileName": "@items('Apply_to_each_3')?['DisplayName']",
                            "fileContent": "@body('Get_attachment_content_2')"
                          }
                        }
                      }
                    }
                  },
                  "expression": {
                    "not": {
                      "contains": [
                        "@items('Apply_to_each_3')?['Id']",
                        "pdf"
                      ]
                    }
                  },
                  "metadata": {
                    "operationMetadataId": "d950a2bb-6f1f-43df-b701-243c303b59d9"
                  },
                  "type": "If"
                }
              },
              "runAfter": {
                "Get_attachments": [
                  "Succeeded"
                ]
              },
              "metadata": {
                "operationMetadataId": "bb757268-adb1-4244-bea9-5017967594aa"
              },
              "type": "Foreach"
            }
          },
          "runAfter": {
            "Variable_initialisieren_2": [
              "Succeeded"
            ]
          },
          "metadata": {
            "operationMetadataId": "37521759-af72-4187-b501-dc8ad2a7cf44"
          },
          "type": "Foreach"
        },
        "Initialize_variable_3": {
          "runAfter": {
            "Initialize_variable_2": [
              "Succeeded"
            ]
          },
          "metadata": {
            "operationMetadataId": "6dcf5c83-b6b3-4a78-b561-83128d452846"
          },
          "type": "InitializeVariable",
          "inputs": {
            "variables": [
              {
                "name": "pdf_array",
                "type": "array"
              }
            ]
          }
        },
        "Initialize_variable_4": {
          "runAfter": {
            "Convert_file": [
              "Succeeded"
            ]
          },
          "metadata": {
            "operationMetadataId": "5a5ee93c-e367-4fbb-8b9d-d339b9ae0ba5"
          },
          "type": "InitializeVariable",
          "inputs": {
            "variables": [
              {
                "name": "final_array",
                "type": "array"
              }
            ]
          }
        },
        "Append_to_array_variable_3": {
          "runAfter": {
            "Initialize_variable_4": [
              "Succeeded"
            ]
          },
          "metadata": {
            "operationMetadataId": "17dd389d-6ea9-4c07-bbf1-360f4c87cf9b"
          },
          "type": "AppendToArrayVariable",
          "inputs": {
            "name": "final_array",
            "value": {
              "fileName": "Spesenantrag_Header.pdf",
              "fileContent": "@body('Convert_file')"
            }
          }
        },
        "Compose": {
          "runAfter": {
            "Append_to_array_variable_3": [
              "Succeeded"
            ]
          },
          "metadata": {
            "operationMetadataId": "e87abc74-44d8-4a97-8cd4-74031cd3d511"
          },
          "type": "Compose",
          "inputs": "@union(variables('final_array'), variables('pdf_array'))"
        },
        "Get_Spesenantrag": {
          "runAfter": {
            "Auf_alle_anwenden": [
              "Succeeded"
            ]
          },
          "metadata": {
            "operationMetadataId": "5e2f31a9-f1eb-42c4-b269-3bcb10e863d2"
          },
          "type": "OpenApiConnection",
          "inputs": {
            "host": {
              "connectionName": "shared_sharepointonline_1",
              "operationId": "GetItem",
              "apiId": "/providers/Microsoft.PowerApps/apis/shared_sharepointonline"
            },
            "parameters": {
              "dataset": "@parameters('Spesen - SP-Seite')",
              "table": "@parameters('Spesenanträge')",
              "id": "@variables('Spesenantrag_ID')"
            },
            "authentication": {
              "type": "Raw",
              "value": "@json(decodeBase64(triggerOutputs().headers['X-MS-APIM-Tokens']))['$ConnectionKey']"
            }
          }
        },
        "Get_BDSU_Logo": {
          "runAfter": {
            "Get_Spesenantrag": [
              "Succeeded"
            ]
          },
          "metadata": {
            "%252fShared%2bDocuments%252fBDSU_Logo_RGB_DIGITAL-Verwendung_300dpi_20130104%2b(4).png": "/Shared Documents/BDSU_Logo_RGB_DIGITAL-Verwendung_300dpi_20130104 (4).png",
            "%252fFreigegebene%2bDokumente%252fBDSU_Logo_RGB_DIGITAL-Verwendung_300dpi_20130104%2b(4).png": "/Freigegebene Dokumente/BDSU_Logo_RGB_DIGITAL-Verwendung_300dpi_20130104 (4).png",
            "%252fFreigegebene%2bDokumente%252fBDSU_Logo_RGB_DIGITAL-Verwendung_300dpi_20130104.png": "/Freigegebene Dokumente/BDSU_Logo_RGB_DIGITAL-Verwendung_300dpi_20130104.png",
            "operationMetadataId": "064528c5-d7f7-44d4-b144-28f7a89afc83"
          },
          "type": "OpenApiConnection",
          "inputs": {
            "host": {
              "connectionName": "shared_sharepointonline_1",
              "operationId": "GetFileContent",
              "apiId": "/providers/Microsoft.PowerApps/apis/shared_sharepointonline"
            },
            "parameters": {
              "dataset": "@parameters('Spesen - SP-Seite')",
              "id": "%252fFreigegebene%2bDokumente%252fBDSU_Logo_RGB_DIGITAL-Verwendung_300dpi_20130104.png",
              "inferContentType": true
            },
            "authentication": {
              "type": "Raw",
              "value": "@json(decodeBase64(triggerOutputs().headers['X-MS-APIM-Tokens']))['$ConnectionKey']"
            }
          }
        },
        "Anlage_hinzufügen": {
          "runAfter": {
            "Dokumentarray_in_PDF_zusammenführen": [
              "Succeeded"
            ]
          },
          "metadata": {
            "operationMetadataId": "0e016189-d7e6-4531-bdee-7beb02243ed5"
          },
          "type": "OpenApiConnection",
          "inputs": {
            "host": {
              "connectionName": "shared_sharepointonline_1",
              "operationId": "CreateAttachment",
              "apiId": "/providers/Microsoft.PowerApps/apis/shared_sharepointonline"
            },
            "parameters": {
              "dataset": "@parameters('Spesen - SP-Seite')",
              "table": "@parameters('Spesenanträge')",
              "itemId": "@variables('Spesenantrag_ID')",
              "displayName": "Spesenantrag_@{variables('Spesenantrag_ID')}.pdf",
              "body": "@outputs('Dokumentarray_in_PDF_zusammenführen')?['body/FileContent']"
            },
            "authentication": {
              "type": "Raw",
              "value": "@json(decodeBase64(triggerOutputs().headers['X-MS-APIM-Tokens']))['$ConnectionKey']"
            }
          }
        },
        "Anlagen_abrufen": {
          "runAfter": {
            "Flow-Account_abrufen": [
              "Succeeded"
            ]
          },
          "metadata": {
            "operationMetadataId": "f30f1672-2bec-4986-8559-f5b5f666f1d7"
          },
          "type": "OpenApiConnection",
          "inputs": {
            "host": {
              "connectionName": "shared_sharepointonline_1",
              "operationId": "GetItemAttachments",
              "apiId": "/providers/Microsoft.PowerApps/apis/shared_sharepointonline"
            },
            "parameters": {
              "dataset": "@parameters('Spesen - SP-Seite')",
              "table": "@parameters('Spesenanträge')",
              "itemId": "@variables('Spesenantrag_ID')"
            },
            "authentication": {
              "type": "Raw",
              "value": "@json(decodeBase64(triggerOutputs().headers['X-MS-APIM-Tokens']))['$ConnectionKey']"
            }
          }
        },
        "Auf_alle_anwenden": {
          "foreach": "@outputs('Anlagen_abrufen')?['body']",
          "actions": {
            "Anlage_löschen": {
              "runAfter": {},
              "metadata": {
                "operationMetadataId": "e464fd5c-a875-4655-9579-86523d8576ea"
              },
              "type": "OpenApiConnection",
              "inputs": {
                "host": {
                  "connectionName": "shared_sharepointonline_1",
                  "operationId": "DeleteAttachment",
                  "apiId": "/providers/Microsoft.PowerApps/apis/shared_sharepointonline"
                },
                "parameters": {
                  "dataset": "@parameters('Spesen - SP-Seite')",
                  "table": "@parameters('Spesenanträge')",
                  "itemId": "@variables('Spesenantrag_ID')",
                  "attachmentId": "@items('Auf_alle_anwenden')?['Id']"
                },
                "authentication": {
                  "type": "Raw",
                  "value": "@json(decodeBase64(triggerOutputs().headers['X-MS-APIM-Tokens']))['$ConnectionKey']"
                }
              }
            }
          },
          "runAfter": {
            "Anlagen_abrufen": [
              "Succeeded"
            ]
          },
          "metadata": {
            "operationMetadataId": "9b6afc79-79d0-40e9-989b-70c0b44ad828"
          },
          "type": "Foreach"
        },
        "Verfassen": {
          "runAfter": {
            "Create_HTML_table": [
              "Succeeded"
            ]
          },
          "metadata": {
            "operationMetadataId": "521d69f7-fc07-44bb-90bb-7ee203a2894f"
          },
          "type": "Compose",
          "inputs": "@replace(body('Create_HTML_table'),'<table>','<table style=\"width:100%\">')"
        },
        "Auswählen": {
          "runAfter": {
            "Get_Verpflegungspauschale": [
              "Succeeded"
            ]
          },
          "metadata": {
            "operationMetadataId": "cae06012-61c6-4710-86e3-80ec04a46305"
          },
          "type": "Select",
          "inputs": {
            "from": "@outputs('Get_Verpflegungspauschale')?['body/value']",
            "select": {
              "Titel": "@item()?['Title']",
              "Beleg-Nr.": "0",
              "Konto": "@item()?['Konto']",
              "Betrag": "@formatNumber(item()?['Betrag'],'C2','de-DE')",
              "Begründung": ""
            }
          }
        },
        "Auswählen_2": {
          "runAfter": {
            "Get_Fahrten": [
              "Succeeded"
            ]
          },
          "metadata": {
            "operationMetadataId": "84be8dd8-60e7-4198-829e-afbd39b2c77b"
          },
          "type": "Select",
          "inputs": {
            "from": "@outputs('Get_Fahrten')?['body/value']",
            "select": {
              "Titel": "@item()?['Title']",
              "Beleg-Nr.": "0",
              "Konto": "Fahrtkosten (PKW)",
              "Betrag": "@formatNumber(item()?['Betrag'],'C2','de-DE')",
              "Begründung": "@item()?['Begr_x00fc_ndung']"
            }
          }
        },
        "Verfassen_2": {
          "runAfter": {
            "Auswählen_3": [
              "Succeeded"
            ]
          },
          "metadata": {
            "operationMetadataId": "bba48063-9db8-423f-9bb2-d7e56bed9d2e"
          },
          "type": "Compose",
          "inputs": "@union(body('Auswählen_2'),body('Auswählen'),body('Select_Einzelposten'))"
        },
        "Select_Einzelposten": {
          "runAfter": {
            "Get_Einzelposten": [
              "Succeeded"
            ]
          },
          "metadata": {
            "operationMetadataId": "86712678-b6fa-4fda-8511-5577e0704db2"
          },
          "type": "Select",
          "inputs": {
            "from": "@outputs('Get_Einzelposten')?['body/value']",
            "select": {
              "Titel": "@item()?['Title']",
              "Beleg-Nr.": "@item()?['Beleg_Nr']",
              "Konto": "@item()?['Konto']",
              "Betrag": "@formatNumber(item()?['Betrag'],'C2','de-DE')",
              "Begründung": "@item()?['Begr_x00fc_ndung']"
            }
          }
        },
        "Get_Fahrten": {
          "runAfter": {
            "Auswählen_4": [
              "Succeeded"
            ]
          },
          "metadata": {
            "operationMetadataId": "1fa33e15-720c-49d0-bfc7-9cff69e57974"
          },
          "type": "OpenApiConnection",
          "inputs": {
            "host": {
              "connectionName": "shared_sharepointonline_1",
              "operationId": "GetItems",
              "apiId": "/providers/Microsoft.PowerApps/apis/shared_sharepointonline"
            },
            "parameters": {
              "dataset": "@parameters('Spesen - SP-Seite')",
              "table": "@parameters('Fahrten')",
              "$filter": "Spesenantrag_ID eq'@{outputs('Get_Spesenantrag')?['body/ID']}'"
            },
            "authentication": {
              "type": "Raw",
              "value": "@json(decodeBase64(triggerOutputs().headers['X-MS-APIM-Tokens']))['$ConnectionKey']"
            }
          }
        },
        "Get_Verpflegungspauschale": {
          "runAfter": {
            "Select_Einzelposten": [
              "Succeeded"
            ]
          },
          "metadata": {
            "operationMetadataId": "dfce1e2c-82d7-4952-8122-ca009314e4e2"
          },
          "type": "OpenApiConnection",
          "inputs": {
            "host": {
              "connectionName": "shared_sharepointonline_1",
              "operationId": "GetItems",
              "apiId": "/providers/Microsoft.PowerApps/apis/shared_sharepointonline"
            },
            "parameters": {
              "dataset": "@parameters('Spesen - SP-Seite')",
              "table": "@parameters('Verpflegungspauschale')",
              "$filter": "Spesenantrag_ID eq'@{outputs('Get_Spesenantrag')?['body/ID']}'"
            },
            "authentication": {
              "type": "Raw",
              "value": "@json(decodeBase64(triggerOutputs().headers['X-MS-APIM-Tokens']))['$ConnectionKey']"
            }
          }
        },
        "Variable_initialisieren": {
          "runAfter": {
            "Initialize_variable_3": [
              "Succeeded"
            ]
          },
          "metadata": {
            "operationMetadataId": "52ed422d-13ca-4e36-807e-c38a86a40a61"
          },
          "type": "InitializeVariable",
          "inputs": {
            "variables": [
              {
                "name": "Fahrten_Data",
                "type": "string"
              }
            ]
          }
        },
        "Variable_initialisieren_2": {
          "runAfter": {
            "Variable_initialisieren": [
              "Succeeded"
            ]
          },
          "metadata": {
            "operationMetadataId": "f4847860-6d38-4890-b3cd-8e66a91f3877"
          },
          "type": "InitializeVariable",
          "inputs": {
            "variables": [
              {
                "name": "VPauschale_Data",
                "type": "string"
              }
            ]
          }
        },
        "Auswählen_3": {
          "runAfter": {
            "Auswählen_2": [
              "Succeeded"
            ]
          },
          "metadata": {
            "operationMetadataId": "2edef639-cc68-4dd8-bf3c-d453453c3a09"
          },
          "type": "Select",
          "inputs": {
            "from": "@outputs('Get_Fahrten')?['body/value']",
            "select": {
              "Titel": "@item()?['Title']",
              "Adresse 1": "@item()?['Adresse1']",
              "Adresse 2": "@item()?['Adresse2']",
              "Strecke": "@concat(string(formatNumber(item()?['Strecke'],'N2','de-DE')), ' km')",
              "Betrag": "@formatNumber(item()?['Betrag'],'C2','de-DE')",
              "Begründung": "@item()?['Begr_x00fc_ndung']"
            }
          }
        },
        "Verfassen_4": {
          "runAfter": {
            "Verfassen": [
              "Succeeded"
            ]
          },
          "metadata": {
            "operationMetadataId": "479043cf-f612-443a-ab14-440c9a8eed2c"
          },
          "type": "Compose",
          "inputs": "@replace(outputs('Verfassen'), '</tbody></table>', '</tbody><tfoot><tr><td colspan=\"3\">Summe</td><td>#####</td></tr></tfoot></table>')"
        },
        "Verfassen_5": {
          "runAfter": {
            "Verfassen_4": [
              "Succeeded"
            ]
          },
          "metadata": {
            "operationMetadataId": "de91c85a-55ff-4c85-a0ad-f6350c91132c"
          },
          "type": "Compose",
          "inputs": "@replace(outputs('Verfassen_4'),'#####', formatNumber(outputs('Get_Spesenantrag')?['body/Gesamtbetrag'],'C2','de-DE'))"
        },
        "VPauschaleCheck": {
          "actions": {
            "HTML-Tabelle_erstellen_2": {
              "runAfter": {},
              "metadata": {
                "operationMetadataId": "b4a0f53d-cb13-4d2f-92b2-d427fdcb5a3d"
              },
              "type": "Table",
              "inputs": {
                "from": "@body('Auswählen_4')",
                "format": "HTML"
              }
            },
            "Variable_festlegen_2": {
              "runAfter": {
                "Verfassen_7": [
                  "Succeeded"
                ]
              },
              "metadata": {
                "operationMetadataId": "a08406f0-df79-4b57-b159-a017543a1800"
              },
              "type": "SetVariable",
              "inputs": {
                "name": "VPauschale_Data",
                "value": "<h4>Verpflegungspauschale:</h4>\n<div class=\"tableformat\">\n@{outputs('Verfassen_7')}\n</div>"
              }
            },
            "Verfassen_7": {
              "runAfter": {
                "HTML-Tabelle_erstellen_2": [
                  "Succeeded"
                ]
              },
              "metadata": {
                "operationMetadataId": "cecfdbd0-5bac-4cbe-9162-9da6e4076695"
              },
              "type": "Compose",
              "inputs": "@replace(body('HTML-Tabelle_erstellen_2'),'<table>','<table style=\"width:100%\">')"
            }
          },
          "runAfter": {
            "FahrtenCheck": [
              "Succeeded"
            ]
          },
          "expression": {
            "greater": [
              "@length(outputs('Get_Verpflegungspauschale')?['body/value'])",
              0
            ]
          },
          "metadata": {
            "operationMetadataId": "7a68bfbc-e0e3-4304-9de2-cdaead187dba"
          },
          "type": "If"
        },
        "Auswählen_4": {
          "runAfter": {
            "Auswählen": [
              "Succeeded"
            ]
          },
          "metadata": {
            "operationMetadataId": "340d33c1-0da5-45cb-9a82-07cde449228b"
          },
          "type": "Select",
          "inputs": {
            "from": "@outputs('Get_Verpflegungspauschale')?['body/value']",
            "select": {
              "Startdatum": "@formatDateTime(item()?['StartDatum'],'dd.MM.yyyy')",
              "Enddatum": "@formatDateTime(item()?['EndDatum'],'dd.MM.yyyy')",
              "Abzug Frühstück": "@item()?['AbzugFr_x00fc_hst_x00fc_ck']",
              "Abzug Mittagessen": "@item()?['AbzugMittagessen']",
              "Abzug Abendessen": "@item()?['AbzugAbendessen']",
              "Betrag": "@formatNumber(item()?['Betrag'],'C2','de-DE')"
            }
          }
        },
        "HTML-Dokument_erstellen": {
          "runAfter": {
            "VPauschaleCheck": [
              "Succeeded"
            ]
          },
          "metadata": {
            "operationMetadataId": "29d6d19b-ef79-4abd-bca0-ef7d937b7414"
          },
          "type": "Compose",
          "inputs": "<head>\n<style>\n.image {\n  max-width: 100%;\n max-height: 100%;\n}\n.container {\n  position: relative;\n  text-align: center;\n  color: black;\n}\n.top-right {\n  position: absolute;\n  top: 8px;\n  right: 16px;\n}\n.tableformat {\n  background-color: #EEEEEE;\n  text-align: left;\n  border-collapse: collapse;\n  width: 100%;\n}\n.tableformat td, table th {\n  border: 1px solid #AAAAAA;\n  padding: 3px 2px;\n  \n}\n.tableformat tbody td {\n  font-size: 13px;\n}\n.tableformat thead {\n  background: #1C6EA4;\n  border-bottom: 2px solid #444444;\n  width: 20%;\n}\n.tableformat thead th {\n  font-size: 15px;\n  font-weight: bold;\n  \n}\n.tableformat thead th:first-child {\n  border-left: none;\n}\n</style>\n</head>\n\n<div align=\"right\"><img align=\"right\"; src=\"@{dataUri(outputs('Get_BDSU_Logo')?['body'])}\" alt=\"BDSU Logo\" width=\"100\" height=\"53\" /></div>\n<h1 style=\"text-align: center;\">Spesenabrechnungsbogen</h1>\n<h4>@{outputs('Get_Spesenantrag')?['body/Title']} ID:@{variables('Spesenantrag_ID')} </h4>\n<table style=\"height: 78px; margin-left: auto; margin-right: auto;\" width=\"583\">\n<tbody>\n<tr>\n<td style=\"width: 283.5px; text-align: left;\"> <b>Name: </b>@{outputs('Get_Spesenantrag')?['body/Author/DisplayName']}</td>\n<td style=\"width: 283.5px;\"><b>IBAN: </b>@{outputs('Get_Spesenantrag')?['body/IBAN']}</td>\n</tr>\n<tr>\n<td style=\"width: 283.5px;\"><b>E-Mail-Adresse:</b> @{outputs('Get_Spesenantrag')?['body/Author/Email']}</td>\n<td style=\"width: 283.5px;\">&nbsp;</td>\n</tr>\n<tr>\n<td style=\"width: 283.5px;\">&nbsp;</td>\n<td style=\"width: 283.5px; text-align: center;\">&nbsp;</td>\n</tr>\n<tr>\n<td style=\"width: 283.5px;\"><b>Reisezeitraum: </b>@{formatDateTime(outputs('Get_Spesenantrag')?['body/StartDatum'],'dd.MM.yyyy')}  - @{formatDateTime(outputs('Get_Spesenantrag')?['body/EndDatum'],'dd.MM.yyyy')}</td>\n<td style=\"width: 283.5px; text-align: center;\">&nbsp;</td>\n</tr>\n<tr>\n<td style=\"width: 283.5px;\"><b>T&auml;tigkeitsbereich:</b> @{outputs('Get_Spesenantrag')?['body/Gesch_x00e4_ftsbereich/Value']}</td>\n<td style=\"width: 283.5px; text-align: left;\"><b>Kostenstelle: </b>@{outputs('Get_Spesenantrag')?['body/Kostenstelle/Value']}</td>\n</tr>\n<tr>\n<td style=\"width: 567px;\" colspan=\"2\"><b>Begr&uuml;ndung: </b> \n@{outputs('Get_Spesenantrag')?['body/Begr_x00fc_ndung']}\n</td>\n</tr>\n</tbody>\n</table>\n<h4>&nbsp;</h4>\n<h4>Ausgaben:</h4>\n<div class=\"tableformat\">\n@{outputs('Verfassen_5')}\n</div>\n\n@{variables('Fahrten_Data')}\n\n<p>&nbsp;</p>\n@{variables('VPauschale_Data')}\n\n\n"
        },
        "Variable_initialisieren_3": {
          "runAfter": {},
          "metadata": {
            "operationMetadataId": "b9b9a5d4-b418-4bb8-8457-b154cb98526c"
          },
          "type": "InitializeVariable",
          "inputs": {
            "variables": [
              {
                "name": "Spesenantrag_ID",
                "type": "integer",
                "value": "@triggerBody()['Variableinitialisieren3_Wert']"
              }
            ]
          }
        },
        "FahrtenCheck": {
          "actions": {
            "HTML-Tabelle_erstellen": {
              "runAfter": {},
              "metadata": {
                "operationMetadataId": "d5905146-e11b-4026-9b5a-78c723146cfe"
              },
              "type": "Table",
              "inputs": {
                "from": "@body('Auswählen_3')",
                "format": "HTML"
              }
            },
            "Variable_festlegen": {
              "runAfter": {
                "Verfassen_6": [
                  "Succeeded"
                ]
              },
              "metadata": {
                "operationMetadataId": "7a5e9db0-7593-41ee-9901-297c8ff11619"
              },
              "type": "SetVariable",
              "inputs": {
                "name": "Fahrten_Data",
                "value": "<h4>PKW-Fahrten:</h4>\n<div class=\"tableformat\">\n@{outputs('Verfassen_6')}\n\n</div>"
              }
            },
            "Verfassen_6": {
              "runAfter": {
                "HTML-Tabelle_erstellen": [
                  "Succeeded"
                ]
              },
              "metadata": {
                "operationMetadataId": "7529a84b-1585-437f-b8ef-4e6b1df03dca"
              },
              "type": "Compose",
              "inputs": "@replace(body('HTML-Tabelle_erstellen'),'<table>','<table style=\"width:100%\">')"
            }
          },
          "runAfter": {
            "Apply_to_each_2": [
              "Succeeded"
            ]
          },
          "expression": {
            "greater": [
              "@length(outputs('Get_Fahrten')?['body/value'])",
              0
            ]
          },
          "metadata": {
            "operationMetadataId": "18fc392a-c185-420c-a9de-af95957db4b9"
          },
          "type": "If"
        },
        "Flow-Account_abrufen": {
          "runAfter": {
            "Variable_initialisieren_3": [
              "Succeeded"
            ]
          },
          "metadata": {
            "operationMetadataId": "efa2a244-dc0a-4b67-b666-a4940050acf2"
          },
          "type": "OpenApiConnection",
          "inputs": {
            "host": {
              "connectionName": "shared_sharepointonline_1",
              "operationId": "GetItems",
              "apiId": "/providers/Microsoft.PowerApps/apis/shared_sharepointonline"
            },
            "parameters": {
              "dataset": "@parameters('Spesen - SP-Seite')",
              "table": "@parameters('Approval-Rollen (new_shared_sharepointonline_2075d1fa3181486ea42c653659459603)')",
              "$filter": "Kostenstelle eq'Flow Account'"
            },
            "authentication": {
              "type": "Raw",
              "value": "@json(decodeBase64(triggerOutputs().headers['X-MS-APIM-Tokens']))['$ConnectionKey']"
            }
          }
        },
        "Dokumentarray_in_PDF_zusammenführen": {
          "runAfter": {
            "Compose": [
              "Succeeded"
            ]
          },
          "metadata": {
            "operationMetadataId": "ee48e1f1-c9ef-48ab-bb3d-9d3c99095bc9"
          },
          "type": "OpenApiConnection",
          "inputs": {
            "host": {
              "connectionName": "shared_encodiandocumentmanager",
              "operationId": "MergeArrayOfDocumentsToPdf",
              "apiId": "/providers/Microsoft.PowerApps/apis/shared_encodiandocumentmanager"
            },
            "parameters": {
              "operation/outputFilename": "Spesenantrag_@{variables('Spesenantrag_ID')}.pdf",
              "operation/documents": "@outputs('Compose')",
              "operation/removeDocumentMarkup": false,
              "operation/pdfaCompliance": false,
              "operation/pdfaComplianceLevel": "PDF_A_2A",
              "operation/FinalOperation": true
            },
            "authentication": {
              "type": "Raw",
              "value": "@json(decodeBase64(triggerOutputs().headers['X-MS-APIM-Tokens']))['$ConnectionKey']"
            }
          }
        }
      }
    }
  },
  "schemaVersion": "1.0.0.0"
}