<environmentvariabledefinition schemaname="new_shared_sharepointonline_c605c6aa58644d809e6fc0b9ab535cd4">
  <apiid>/providers/microsoft.powerapps/apis/shared_sharepointonline</apiid>
  <displayname default="Verpflegungspauschale">
    <label description="Verpflegungspauschale" languagecode="1031" />
  </displayname>
  <introducedversion>1.0.0.0</introducedversion>
  <iscustomizable>1</iscustomizable>
  <isrequired>0</isrequired>
  <parameterkey>table</parameterkey>
  <parentdefinitionid>
    <schemaname>new_shared_sharepointonline_3d4e8a65333543089b7c170c78e7767b</schemaname>
  </parentdefinitionid>
  <secretstore>0</secretstore>
  <type>100000004</type>
</environmentvariabledefinition>