<ImportExportXml xmlns:xsi="http://www.w3.org/2001/XMLSchema-instance">
  <Entities></Entities>
  <Roles></Roles>
  <Workflows>
    <Workflow WorkflowId="{c9a2a3f2-d335-ec11-8c64-000d3a2cfddf}" Name="Approval für Spesenabrechnung">
      <JsonFileName>/Workflows/ApprovalfrSpesenabrechnung-C9A2A3F2-D335-EC11-8C64-000D3A2CFDDF.json</JsonFileName>
      <Type>1</Type>
      <Subprocess>0</Subprocess>
      <Category>5</Category>
      <Mode>0</Mode>
      <Scope>4</Scope>
      <OnDemand>0</OnDemand>
      <TriggerOnCreate>0</TriggerOnCreate>
      <TriggerOnDelete>0</TriggerOnDelete>
      <AsyncAutodelete>0</AsyncAutodelete>
      <SyncWorkflowLogOnFailure>0</SyncWorkflowLogOnFailure>
      <StateCode>0</StateCode>
      <StatusCode>1</StatusCode>
      <RunAs>1</RunAs>
      <IsTransacted>1</IsTransacted>
      <IntroducedVersion>1.0.0.0</IntroducedVersion>
      <IsCustomizable>1</IsCustomizable>
      <IsCustomProcessingStepAllowedForOtherPublishers>1</IsCustomProcessingStepAllowedForOtherPublishers>
      <PrimaryEntity>none</PrimaryEntity>
      <LocalizedNames>
        <LocalizedName languagecode="1031" description="Approval für Spesenabrechnung" />
      </LocalizedNames>
    </Workflow>
    <Workflow WorkflowId="{48b19911-d735-ec11-8c64-000d3a2cfddf}" Name="PDF Merge" Description="Erstellung des PDFs mit OneDrive for Business und Plumsail">
      <JsonFileName>/Workflows/PDFMerge-48B19911-D735-EC11-8C64-000D3A2CFDDF.json</JsonFileName>
      <Type>1</Type>
      <Subprocess>0</Subprocess>
      <Category>5</Category>
      <Mode>0</Mode>
      <Scope>4</Scope>
      <OnDemand>0</OnDemand>
      <TriggerOnCreate>0</TriggerOnCreate>
      <TriggerOnDelete>0</TriggerOnDelete>
      <AsyncAutodelete>0</AsyncAutodelete>
      <SyncWorkflowLogOnFailure>0</SyncWorkflowLogOnFailure>
      <StateCode>0</StateCode>
      <StatusCode>1</StatusCode>
      <RunAs>1</RunAs>
      <IsTransacted>1</IsTransacted>
      <IntroducedVersion>1.0.0.0</IntroducedVersion>
      <IsCustomizable>1</IsCustomizable>
      <IsCustomProcessingStepAllowedForOtherPublishers>1</IsCustomProcessingStepAllowedForOtherPublishers>
      <PrimaryEntity>none</PrimaryEntity>
      <LocalizedNames>
        <LocalizedName languagecode="1031" description="PDF Merge" />
      </LocalizedNames>
      <Descriptions>
        <Description languagecode="1031" description="Erstellung des PDFs mit OneDrive for Business und Plumsail" />
      </Descriptions>
    </Workflow>
  </Workflows>
  <FieldSecurityProfiles></FieldSecurityProfiles>
  <Templates />
  <EntityMaps />
  <EntityRelationships />
  <OrganizationSettings />
  <optionsets />
  <CustomControls />
  <EntityDataProviders />
  <CanvasApps>
    <CanvasApp>
      <Name>new_spesenappmultiitemsenvironmentvariables_a29e3</Name>
      <AppVersion>2022-04-30T09:57:18Z</AppVersion>
      <Status>Ready</Status>
      <CreatedByClientVersion>3.22043.14.0</CreatedByClientVersion>
      <MinClientVersion>3.22043.14.0</MinClientVersion>
      <Tags>{"primaryDeviceWidth":"640","primaryDeviceHeight":"1136","sienaVersion":"20220402T093938Z-3.22022.23.0","deviceCapabilities":"","supportsPortrait":"true","supportsLandscape":"false","primaryFormFactor":"Phone","publisherVersion":"3.22043.14","minimumRequiredApiVersion":"2.2.0","hasComponent":"false","hasUnlockedComponent":"false","isUnifiedRootApp":"false"}</Tags>
      <IsCdsUpgraded>0</IsCdsUpgraded>
      <GalleryItemId xsi:nil="true"></GalleryItemId>
      <BackgroundColor>rgba(255, 255, 255, 1)</BackgroundColor>
      <DisplayName>Spesen-App</DisplayName>
      <Description></Description>
      <CommitMessage></CommitMessage>
      <Publisher></Publisher>
      <AuthorizationReferences>[]</AuthorizationReferences>
      <ConnectionReferences>{"9877d2c5-8eed-4d12-a74d-6024c388ebf8":{"id":"/providers/microsoft.powerapps/apis/shared_office365users","displayName":"Office 365-Benutzer","iconUri":"https://connectoricons-prod.azureedge.net/releases/v1.0.1573/1.0.1573.2770/office365users/icon.png","dataSources":["Office365-Benutzer"],"dependencies":[],"dependents":[],"parameterHints":{},"parameterHintsV2":{},"isOnPremiseConnection":false,"bypassConsent":false,"dataSets":{},"apiTier":"Standard","actions":["MyProfileV2"]},"91a468fa-c397-441d-b128-ee148d3d1118":{"id":"/providers/microsoft.powerapps/apis/shared_sharepointonline","displayName":"SharePoint","iconUri":"https://connectoricons-prod.azureedge.net/releases/v1.0.1568/1.0.1568.2757/sharepointonline/icon.png","dataSources":["Einzelposten","Fahrten","Verpflegungspauschale","Approval-Rollen","Konten","Spesenanträge"],"dependencies":[],"dependents":["5abaecb5-58ff-4f9c-b97a-207c28465fcc"],"parameterHints":{},"parameterHintsV2":{},"isOnPremiseConnection":false,"bypassConsent":false,"dataSets":{"https://jbbev.sharepoint.com/sites/PowerBITest":{"datasetOverride":{"name":"https://bdsuev.sharepoint.com/sites/Spesen-App","environmentVariableName":"new_shared_sharepointonline_3d4e8a65333543089b7c170c78e7767b"},"dataSources":{"Einzelposten":{"tableName":"e3d50280-41b6-409d-ad31-01a3ccf4b0f6","tableNameOverride":{"name":"6e274b94-5296-4602-b375-e95fbb219ec0","environmentVariableName":"new_shared_sharepointonline_3653d9b08af843858b82319efaee9697"}},"Fahrten":{"tableName":"66fda1b0-a2ac-4b35-aa3a-8d7c2860f27d","tableNameOverride":{"name":"a0bbbccb-ae6c-4780-86b2-63bbd129daad","environmentVariableName":"new_shared_sharepointonline_ae7252a961e94876898012c0499e815d"}},"Verpflegungspauschale":{"tableName":"0ce842c2-cfd0-4266-82a5-5e1814e4ff38","tableNameOverride":{"name":"91691aa7-2b52-4ca0-b052-198ac5b0f82b","environmentVariableName":"new_shared_sharepointonline_c605c6aa58644d809e6fc0b9ab535cd4"}},"Approval-Rollen":{"tableName":"6ccb8fc5-be4d-4141-8f58-d3447eb4c500","tableNameOverride":{"name":"fd21de79-fb6e-4843-a63d-36fabceb826b","environmentVariableName":"new_shared_sharepointonline_2075d1fa3181486ea42c653659459603"}},"Konten":{"tableName":"6fff098a-3443-4e20-9499-74f1a2cb6a7a","tableNameOverride":{"name":"124373d7-45cc-4b80-8f6c-f083f393a44d","environmentVariableName":"new_Konten"}}}},"https://bdsuev.sharepoint.com/sites/Spesen-App":{"datasetOverride":{"name":"https://bdsuev.sharepoint.com/sites/Spesen-App","environmentVariableName":"new_shared_sharepointonline_3d4e8a65333543089b7c170c78e7767b"},"dataSources":{"Spesenanträge":{"tableName":"61ea3eac-4315-45b5-8ce8-3f8dad84baaa","tableNameOverride":{"name":"61ea3eac-4315-45b5-8ce8-3f8dad84baaa","environmentVariableName":"new_shared_sharepointonline_41b3c76fd4a04eb39314942a9cb069b4"}}}}},"apiTier":"Standard","actions":["providers/PowerPlatform.Governance/Operations/Read"]},"d1a9e765-3ca8-4761-9274-949e264af32c":{"id":"/providers/microsoft.powerapps/apis/shared_bingmaps","displayName":"Bing Maps","iconUri":"https://connectoricons-prod.azureedge.net/releases/v1.0.1567/1.0.1567.2748/bingmaps/icon.png","dataSources":["BingMaps"],"dependencies":[],"dependents":[],"parameterHints":{},"parameterHintsV2":{},"isOnPremiseConnection":false,"sharedConnectionId":"8c7f3423-7a80-446a-a3ea-fe9cdae070ea","bypassConsent":false,"dataSets":{},"apiTier":"Standard","actions":["GetRoute"]},"5abaecb5-58ff-4f9c-b97a-207c28465fcc":{"id":"/providers/microsoft.powerapps/apis/shared_logicflows","displayName":"Logik-Flows","iconUri":"https://connectoricons-prod.azureedge.net/releases/v1.0.1534/1.0.1534.2605/logicflows/icon.png","dataSources":["PDFMerge"],"dependencies":["91a468fa-c397-441d-b128-ee148d3d1118","1ffea2a0-9d09-4d19-a316-5370f1e7d1be","093d4ddd-5e2b-44c0-92d8-40515723617e","f44829e9-4d97-4438-bc5d-3e64879a2ba4"],"dependents":[],"parameterHints":{"workflowName":{"value":"acac19ed-20da-4d33-9c7e-dc6d545c71d3"},"workflowEntityId":{"value":"48b19911-d735-ec11-8c64-000d3a2cfddf"},"91a468fa-c397-441d-b128-ee148d3d1118":{"value":"shared_sharepointonline_1"},"1ffea2a0-9d09-4d19-a316-5370f1e7d1be":{"value":"shared_onedriveforbusiness_1"},"093d4ddd-5e2b-44c0-92d8-40515723617e":{"value":"shared_office365_1"},"f44829e9-4d97-4438-bc5d-3e64879a2ba4":{"value":"shared_encodiandocumentmanager"}},"parameterHintsV2":{"workflowName":{"value":"acac19ed-20da-4d33-9c7e-dc6d545c71d3"},"workflowEntityId":{"value":"48b19911-d735-ec11-8c64-000d3a2cfddf"},"shared_sharepointonline_1":{"value":"91a468fa-c397-441d-b128-ee148d3d1118"},"shared_onedriveforbusiness_1":{"value":"1ffea2a0-9d09-4d19-a316-5370f1e7d1be"},"shared_office365_1":{"value":"093d4ddd-5e2b-44c0-92d8-40515723617e"},"shared_encodiandocumentmanager":{"value":"f44829e9-4d97-4438-bc5d-3e64879a2ba4"}},"isOnPremiseConnection":false,"bypassConsent":false,"dataSets":{},"apiTier":"Standard","actions":["Run"]},"1ffea2a0-9d09-4d19-a316-5370f1e7d1be":{"id":"/providers/microsoft.powerapps/apis/shared_onedriveforbusiness","displayName":"OneDrive for Business","iconUri":"https://connectoricons-prod.azureedge.net/releases/v1.0.1546/1.0.1546.2665/onedriveforbusiness/icon.png","dataSources":[],"dependencies":[],"dependents":["5abaecb5-58ff-4f9c-b97a-207c28465fcc"],"parameterHints":{},"parameterHintsV2":{},"isOnPremiseConnection":false,"bypassConsent":false,"dataSets":{},"apiTier":"Standard"},"093d4ddd-5e2b-44c0-92d8-40515723617e":{"id":"/providers/microsoft.powerapps/apis/shared_office365","displayName":"Office 365 Outlook","iconUri":"https://connectoricons-prod.azureedge.net/releases/v1.0.1573/1.0.1573.2770/office365/icon.png","dataSources":[],"dependencies":[],"dependents":["5abaecb5-58ff-4f9c-b97a-207c28465fcc"],"parameterHints":{},"parameterHintsV2":{},"isOnPremiseConnection":false,"bypassConsent":false,"dataSets":{},"apiTier":"Standard"},"f44829e9-4d97-4438-bc5d-3e64879a2ba4":{"id":"/providers/microsoft.powerapps/apis/shared_encodiandocumentmanager","xrmConnectionReferenceLogicalName":"new_sharedencodiandocumentmanager_563a9","displayName":"Encodian","iconUri":"https://connectoricons-prod.azureedge.net/releases/v1.0.1547/1.0.1547.2676/encodiandocumentmanager/icon.png","dataSources":[],"dependencies":[],"dependents":["5abaecb5-58ff-4f9c-b97a-207c28465fcc"],"parameterHints":{},"parameterHintsV2":{},"isOnPremiseConnection":false,"sharedConnectionId":"6834a2e7-0900-4829-b7e2-909ef16fa245","bypassConsent":false,"dataSets":{},"apiTier":"Standard"}}</ConnectionReferences>
      <DatabaseReferences>{}</DatabaseReferences>
      <AppComponents>[]</AppComponents>
      <AppComponentDependencies>[]</AppComponentDependencies>
      <CanvasAppType>0</CanvasAppType>
      <BypassConsent>0</BypassConsent>
      <AdminControlBypassConsent>0</AdminControlBypassConsent>
      <EmbeddedApp xsi:nil="true"></EmbeddedApp>
      <IntroducedVersion>1.0</IntroducedVersion>
      <CdsDependencies>{"cdsdependencies":[{"componenttype":10049,"logicalname":"new_sharedencodiandocumentmanager_563a9","componenttypeplatformname":"ConnectionReference"},{"componenttype":380,"logicalname":"new_shared_sharepointonline_3d4e8a65333543089b7c170c78e7767b","componenttypeplatformname":"EnvironmentVariableDefinition"},{"componenttype":380,"logicalname":"new_shared_sharepointonline_3653d9b08af843858b82319efaee9697","componenttypeplatformname":"EnvironmentVariableDefinition"},{"componenttype":380,"logicalname":"new_shared_sharepointonline_ae7252a961e94876898012c0499e815d","componenttypeplatformname":"EnvironmentVariableDefinition"},{"componenttype":380,"logicalname":"new_shared_sharepointonline_c605c6aa58644d809e6fc0b9ab535cd4","componenttypeplatformname":"EnvironmentVariableDefinition"},{"componenttype":380,"logicalname":"new_shared_sharepointonline_2075d1fa3181486ea42c653659459603","componenttypeplatformname":"EnvironmentVariableDefinition"},{"componenttype":380,"logicalname":"new_Konten","componenttypeplatformname":"EnvironmentVariableDefinition"},{"componenttype":380,"logicalname":"new_shared_sharepointonline_41b3c76fd4a04eb39314942a9cb069b4","componenttypeplatformname":"EnvironmentVariableDefinition"}]}</CdsDependencies>
      <IsCustomizable>1</IsCustomizable>
      <BackgroundImageUri>/CanvasApps/new_spesenappmultiitemsenvironmentvariables_a29e3_BackgroundImageUri</BackgroundImageUri>
      <DocumentUri>/CanvasApps/new_spesenappmultiitemsenvironmentvariables_a29e3_DocumentUri.msapp</DocumentUri>
    </CanvasApp>
  </CanvasApps>
  <connectionreferences>
    <connectionreference connectionreferencelogicalname="new_sharedapprovals_41171">
      <connectionreferencedisplayname>Genehmigungen SpesenAppExportTest-41171</connectionreferencedisplayname>
      <connectorid>/providers/Microsoft.PowerApps/apis/shared_approvals</connectorid>
      <iscustomizable>1</iscustomizable>
      <statecode>0</statecode>
      <statuscode>1</statuscode>
    </connectionreference>
    <connectionreference connectionreferencelogicalname="new_sharedbingmaps_8996d">
      <connectionreferencedisplayname>Bing Maps BDSUSpesenApp-8996d</connectionreferencedisplayname>
      <connectorid>/providers/Microsoft.PowerApps/apis/shared_bingmaps</connectorid>
      <iscustomizable>1</iscustomizable>
      <statecode>0</statecode>
      <statuscode>1</statuscode>
    </connectionreference>
    <connectionreference connectionreferencelogicalname="new_sharedencodiandocumentmanager_563a9">
      <connectionreferencedisplayname>Encodian SpesenAppExportTest-563a9</connectionreferencedisplayname>
      <connectorid>/providers/Microsoft.PowerApps/apis/shared_encodiandocumentmanager</connectorid>
      <iscustomizable>1</iscustomizable>
      <statecode>0</statecode>
      <statuscode>1</statuscode>
    </connectionreference>
    <connectionreference connectionreferencelogicalname="new_sharedoffice365_76b66">
      <connectionreferencedisplayname>Office 365 Outlook SpesenAppExportTest-76b66</connectionreferencedisplayname>
      <connectorid>/providers/Microsoft.PowerApps/apis/shared_office365</connectorid>
      <description>Outlook</description>
      <iscustomizable>1</iscustomizable>
      <statecode>0</statecode>
      <statuscode>1</statuscode>
    </connectionreference>
    <connectionreference connectionreferencelogicalname="new_sharedonedriveforbusiness_8a367">
      <connectionreferencedisplayname>OneDrive for Business SpesenAppExportTest-8a367</connectionreferencedisplayname>
      <connectorid>/providers/Microsoft.PowerApps/apis/shared_onedriveforbusiness</connectorid>
      <description>OneDrive</description>
      <iscustomizable>1</iscustomizable>
      <statecode>0</statecode>
      <statuscode>1</statuscode>
    </connectionreference>
    <connectionreference connectionreferencelogicalname="new_sharedsharepointonline_e2336">
      <connectionreferencedisplayname>SharePoint SpesenAppExportTest-e2336</connectionreferencedisplayname>
      <connectorid>/providers/Microsoft.PowerApps/apis/shared_sharepointonline</connectorid>
      <description>SharePoint</description>
      <iscustomizable>1</iscustomizable>
      <statecode>0</statecode>
      <statuscode>1</statuscode>
    </connectionreference>
  </connectionreferences>
  <Languages>
    <Language>1031</Language>
  </Languages>
</ImportExportXml>